#,Keyword,Country,Difficulty,Volume,CPC,CPS,Parent Keyword,Last Update,SERP Features,Global volume,Traffic potential,Global traffic potential,First seen,Intents,Languages,SV trend (01-2024 - 12-2025),SV Forecasting trend (01-2026 - 01-2027)
1,va seo company,us,1,500,,,virginia seo company,2026-01-27 08:54:08,"AI Overview,Thumbnail,People also ask,Sitelinks",800,800,800,2020-01-07,"Informational,Commercial,Non-branded,Local",English,"9, 15, 5, 0, 3, 3, 0, 0, 5, 28, 25, 29, 74, 143, 255, 312, 326, 213, 515, 540, 666, 435, 765, 1040",636
2,seo company richmond va,us,0,400,19.00,,seo services richmond,2025-12-21 13:36:53,"Local pack,Sitelinks,People also ask",500,2900,3000,2015-11-18,"Informational,Commercial,Non-branded,Local",English,"60, 68, 81, 81, 82, 81, 145, 121, 196, 122, 135, 185, 183, 216, 394, 450, 578, 399, 413, 410, 683, 247, 273, 350","322, 320, 373, 337, 392, 322, 527, 410, 426, 337, 331, 351, 323"
3,virtual assistant seo,us,3,350,4.00,,seo va,2026-01-18 12:51:38,"AI Overview,Video preview,Thumbnail,Sitelinks,People also ask",800,600,700,2016-02-08,"Informational,Commercial,Non-branded,Non-local",English,"101, 95, 94, 98, 74, 87, 103, 85, 324, 698, 143, 197, 284, 329, 476, 479, 354, 186, 223, 215, 748, 238, 148, 363","390, 381, 400, 400, 366, 345, 358, 352, 435, 435, 384, 405, 431"
4,seo virtual assistant,us,1,300,8.00,,seo va,2025-12-25 11:23:00,"AI Overview,Thumbnail,People also ask,Sitelinks,Video preview",900,600,700,2016-10-11,"Informational,Commercial,Non-branded,Non-local",English,"122, 93, 167, 141, 137, 112, 91, 141, 115, 176, 172, 185, 174, 297, 454, 370, 273, 170, 246, 189, 585, 159, 126, 262","313, 290, 340, 325, 288, 270, 257, 271, 327, 311, 318, 283, 337"
5,seo company in chantilly va,us,,200,,,,,,200,,,2016-01-07,,,,
6,va dental seo company,us,0,200,,,virginia creative group,2026-01-13 03:30:49,"AI Overview,Thumbnail,Sitelinks",250,0,0,2020-04-21,"Informational,Commercial,Non-branded,Local",English,"5, 0, 3, 2, 0, 0, 0, 0, 0, 15, 29, 40, 10, 1, 32, 45, 79, 33, 196, 134, 377, 259, 312, 831",287
7,northern va seo company,us,0,150,11.00,,search engine optimization companies in northern virginia,2025-12-24 09:53:40,Local pack,250,600,600,2016-07-04,"Informational,Commercial,Non-branded,Local",English,"11, 10, 10, 10, 10, 10, 10, 10, 12, 15, 15, 26, 32, 70, 142, 216, 128, 50, 107, 104, 312, 215, 341, 206","198, 202, 209, 216, 211, 194, 195, 204, 202, 184, 176, 177, 174"
8,seo company fairfax va,us,6,150,6.00,,seo services fairfax va,2025-11-28 22:36:02,"Local pack,Sitelinks",200,70,70,2019-09-03,"Informational,Commercial,Non-branded,Local",English,"31, 30, 29, 28, 28, 29, 85, 84, 33, 36, 35, 34, 34, 89, 198, 204, 149, 74, 84, 83, 326, 87, 208, 144","154, 162, 173, 175, 171, 170, 180, 183, 198, 181, 189, 189, 199"
9,seo company va,us,1,150,7.00,,mclean seo company,2025-12-22 12:57:48,Local pack,300,60,60,2020-01-07,"Informational,Commercial,Non-branded,Local",English,"18, 19, 20, 23, 39, 71, 60, 24, 22, 31, 24, 24, 40, 94, 146, 180, 185, 77, 106, 147, 288, 131, 164, 160","171, 173, 176, 180, 178, 173, 174, 176, 180, 169, 169, 164, 174"
10,fairfax va seo company,us,1,150,17.00,,fairfax seo company,2026-01-18 04:36:03,"Local pack,Sitelinks",250,150,150,2020-01-12,"Informational,Commercial,Non-branded,Local",English,"39, 10, 19, 10, 10, 10, 63, 63, 38, 48, 33, 42, 44, 68, 290, 246, 211, 107, 178, 126, 291, 105, 126, 168","171, 174, 201, 196, 197, 184, 197, 201, 216, 203, 208, 207, 209"
11,seo company in va,us,3,150,,,seo company in virginia,2026-01-15 11:25:17,"Local pack,Sitelinks",200,400,500,2016-01-04,"Informational,Commercial,Non-branded,Local",English,,
12,virtual assistant seo services,us,1,150,0.50,,seo va,2026-01-06 13:15:37,People also ask,400,600,700,2015-09-09,"Informational,Commercial,Transactional,Non-branded,Non-local",English,,
13,virtual seo assistant,us,1,100,9.00,,seo va,2026-01-06 05:55:17,People also ask,250,600,700,2020-01-10,"Informational,Commercial,Non-branded,Non-local",English,,
14,seo company in hampton roads va,us,,90,,,,,,100,,,2020-08-17,,,"0, 0, 0, 0, 0, 0, 0, 0, 0, 0, 0, 4, 2, 41, 108, 150, 113, 28, 83, 49, 245, 67, 113, 115","119, 127, 133, 140, 139, 142, 145, 150, 166, 153, 159, 161, 165"
15,seo company for williamsburg va,us,,90,,,,,,100,,,2020-06-18,,,,
16,seo optimization company fredericksburg va,us,,90,,,,,,100,,,2015-11-19,,,,
17,seo company in lynchburg va,us,,90,,,,,,90,,,2020-07-02,,,,
18,lynchburg va seo company,us,,80,,,,,,90,,,2019-01-20,,,,
19,best seo company for newport news va,us,,80,,,,,,80,,,2020-05-26,,,,
20,local seo company va,us,,80,,,,,,80,,,2018-01-15,,,,
21,arlington va seo company,us,,80,,,,,,90,,,2020-02-25,,,,
22,seo company chesterfield va,us,,80,,,,,,80,,,2016-06-14,,,,
23,website and seo company fredericksburg va,us,,70,,,,,,70,,,2019-11-05,,,,
24,seo company in chantilly va rockland,us,,70,,,,,,80,,,2016-01-07,,,,
25,seo company in forest va,us,,60,,,,,,70,,,2020-07-06,,,,
26,seo company arlington va,us,,60,,,,,,80,,,2020-01-12,,,,
27,hire seo virtual assistant,us,,50,,,,,,60,,,2019-07-02,,,,
28,seo specialist virtual assistant,us,1,50,,,seo va,2025-11-12 06:26:02,,150,300,350,2020-01-15,"Informational,Commercial,Transactional,Non-branded,Non-local",English,,
29,"seo company blacksburg, va",us,,50,,,,,,60,,,2023-12-05,,,,
30,seo company norfolk va,us,,50,,,,,,60,,,2020-01-12,,,,
31,seo company roanoke va,us,,40,,,,,,50,,,2025-01-20,,,,
32,seo virtual assistant philippines,us,,40,,,,,,150,,,2020-01-12,,,,
33,"seo company lynchburg, va",us,,40,,,,,,50,,,2023-11-13,,,,
34,"seo company roanoke, va",us,,40,,,,,,50,,,2023-11-27,,,,
35,"seo company christiansburg, va",us,,40,,,,,,50,,,2023-11-12,,,,
36,seo company in fairfax va,us,,40,,,,,,60,,,2023-07-11,,,,
37,seo company alexandria va,us,,30,,,,,,40,,,2020-01-15,,,,
38,virtual assistant for seo,us,,30,,,,,,60,,,2020-10-01,,,,
39,"seo company virginia beach, va",us,,30,,,,,,40,,,2023-11-17,,,,
40,hire an seo virtual assistant,us,,30,,,,,,40,,,2024-07-03,,,,
41,seo company virginia beach va,us,,30,,,,,,50,,,2020-01-18,,,,
42,seo management virtual assistant,us,,30,,,,,,40,,,2020-11-08,,,,
43,"seo company norfolk, va",us,,30,,,,,,40,,,2023-11-20,,,,
44,seo company northern va,us,,30,,,,,,40,,,2025-02-03,,,,
45,affordable seo virtual assistant,us,,20,,,,,,100,,,2025-07-01,,,,
46,virtual assistant for seo services,us,,20,,,,,,100,,,2025-06-23,,,,
47,seo company gainesville va,us,,20,,,,,,30,,,2022-09-25,,,,
48,technical seo virtual assistant,us,,20,,,,,,100,,,2025-06-25,,,,
49,seoopportunities.com/fairfax-virginia-seo/ fairfax va seo company,us,,20,,,,,,20,,,2020-01-27,,,"16, 18, 21, 18, 18, 19, 18, 18, 18, 18, 19, 18, 19, 20, 23, 21, 21, 21, 21, 21, 21, 21, 21, 21","21, 23, 26, 24, 23, 24, 24, 23, 23, 23, 24, 24, 24"
50,seo company williamsburg va,us,,20,,,,,,30,,,2025-02-24,,,,
51,seo virtual assistant services,us,,20,,,,,,40,,,2020-04-16,,,,
52,seo keywords for virtual assistant,us,,20,2.50,,,,,50,,,2017-04-05,,,,
53,filipino seo virtual assistant,us,,20,,,,,,100,,,2025-07-01,,,,
54,best seo company williamsburg va,us,,20,,,,,,30,,,2023-05-03,,,,
55,seo company mclean va,us,,20,,,,,,30,,,2020-01-13,,,,
56,virtual seo assistant services,us,,20,,,,,,40,,,2020-01-10,,,,
57,law firm seo company richmond va,us,,10,,,,,,10,,,2025-07-06,,,,
58,seo company near chesterfield va,us,,10,,,,,,10,,,2025-07-24,,,,
59,law firm seo company norfolk va,us,,10,,,,,,10,,,2025-07-20,,,,
60,seo company hampton va,us,,10,,,,,,10,,,2020-01-15,,,,
61,virtual assistant seo philippines,us,,10,,,,,,10,,,2023-11-13,,,,
62,law firm seo company hampton va,us,,10,,,,,,10,,,2025-07-20,,,,
63,law firm seo company chesapeake va,us,,10,,,,,,10,,,2025-07-20,,,,
64,law firm seo company newport news va,us,,10,,,,,,10,,,2025-07-06,,,,
65,seo company chesapeake va,us,,10,,,,,,10,,,2025-07-13,,,,
66,seo virtual assistant for small businesses,us,,10,,,,,,30,,,2024-04-08,,,,
67,virtual seo assistant reading,us,,10,,,,,,20,,,2020-02-24,,,,
68,seo company newport news va,us,,10,,,,,,10,,,2025-07-27,,,,
69,law firm seo company virginia beach va,us,,10,,,,,,10,,,2025-07-13,,,,
70,hire virtual assistant for seo,us,,10,,,,,,10,,,2025-12-12,,,,
71,seo in virtual assistant,us,,10,,,,,,20,,,2025-02-27,,,,
72,1000co seo virtual assistant,us,,10,,,,,,50,,,2025-03-01,,,,
73,law firm seo company alexandria va,us,,10,,,,,,10,,,2025-07-06,,,,
74,seo virtual assistant job description,us,,10,,,,,,30,,,2020-01-19,,,,
75,best seo company in ashburn va,us,,10,,,,,,10,,,2020-12-07,,,,
76,linked in virtual assistant seo,us,,,,,,,,,,,2015-10-16,,,,
77,seo company near richmond va,us,,,,,,,,,,,2025-08-14,,,,
78,seo company annandale va,us,,,,,,,,,,,2020-01-16,,,,
79,seo company tysons corner va,us,,,,,,,,,,,2020-03-02,,,,
80,seo company reston va,us,,,,,,,,,,,2020-02-04,,,,
81,my seo virtual assistant,us,,,,,,,,,,,2023-04-30,,,,
82,orlando seo virtual assistant,us,,,,,,,,,,,2018-06-18,,,,
83,seo company near midlothian va,us,,,,,,,,,,,2025-08-07,,,,
84,seo virtual assistant service,us,,,,,,,,,,,2020-08-02,,,,
85,seo company leesburg va,us,,,,,,,,,,,2020-01-15,,,,
86,seo virtual assistant job,us,,,,,,,,300,,,2025-02-17,,,,
87,seo company ashburn va,us,,,,,,,,,,,2020-03-12,,,,
88,seo company springfield va,us,,,,,,,,,,,2020-01-23,,,,
89,centreville va seo company,us,,,,,,,,,,,2020-02-26,,,,
90,what is seo in virtual assistant,us,,,,,,,,50,,,2025-07-03,,,,
91,seo company manassas va,us,,,,,,,,,,,2020-01-27,,,,
92,mclean va seo company,us,,,,,,,,,,,2020-01-11,,,,
93,"techrealto, seo, virtual assistant",us,,,,,,,,,,,2024-03-06,,,,
94,seo virtual assistant in the philippines,us,,,,,,,,,,,2022-07-20,,,,
95,alexandria va seo company,us,,,,,,,,,,,2020-01-09,,,,
96,virtual assistant seo keywords,us,,,,,,,,,,,2025-05-04,,,,
97,seo company centreville va,us,,,,,,,,,,,2020-01-15,,,,
98,hire virtual seo assistant,us,,,,,,,,,,,2020-01-30,,,,
99,seo company fredericksburg va,us,,,,,,,,,,,2020-01-26,,,,
100,seo company lorton va,us,,,,,,,,,,,2020-01-28,,,,
101,seo virtual assistant course,us,,,,,,,,30,,,2025-04-22,,,,
102,seo company burke va,us,,,,,,,,,,,2020-01-16,,,,
103,seo company dunn loring va,us,,,,,,,,,,,2020-01-20,,,,
104,learn seo as a virtual assistant,us,,,,,,,,20,,,2025-04-26,,,,
105,seo content marketing virtual assistant,us,,,,,,,,,,,2025-09-30,,,,
106,seo company aldie va,us,,,,,,,,,,,2020-03-02,,,,
107,seo virtual assistant jobs,us,,,,,,,,50,,,2016-06-06,,,,
108,amazon seo virtual assistant,us,,,,,,,,10,,,2025-08-21,,,,
109,seo virtual assistant salary,us,,,,,,,,,,,2024-12-08,,,,
110,seo company va beach,us,,,,,,,,,,,2020-01-20,,,,
111,seo company vienna va,us,,,,,,,,,,,2020-01-23,,,,
112,seo company woodbridge va,us,,,,,,,,,,,2020-01-15,,,,
113,seo meaning in virtual assistant,us,,,,,,,,40,,,2022-11-24,,,,
114,seo virtual assistant meaning,us,,,,,,,,10,,,2022-03-29,,,,
115,sterling va seo company,us,,,,,,,,,,,2020-01-18,,,,
116,local seo virtual assistant,us,,,,,,,,10,,,2025-04-15,,,,
117,seo company in richmond va,us,,,,,,,,,,,2024-02-18,,,,
118,seo optimization virtual assistant,us,,,,,,,,,,,2025-12-17,,,,
119,va beach seo company,us,,,,,,,,,,,2020-01-06,,,,
120,seo company chantilly va,us,,,,,,,,,,,2020-01-19,,,,
121,virtual assistant seo service,us,,,,,,,,,,,2021-03-27,,,,
122,insignia seo virtual assistant,us,,,,,,,,,,,2018-06-14,,,,
123,best seo company va,us,,,,,,,,,,,2020-01-22,,,,
124,what is seo virtual assistant,us,,,,,,,,,,,2022-08-01,,,,
