Top pages,Clicks,Impressions,CTR,Position
https://organicallyseo.com/,20,1174,1.7%,9.75
https://www.organicallyseo.com/,5,42,11.9%,4.81
https://organicallyseo.com/webflow-launch-checklist,1,589,0.17%,62.75
https://www.organicallyseo.com/san-jose-seo,1,520,0.19%,45.29
https://organicallyseo.com/es/seo,1,362,0.28%,12.26
https://organicallyseo.com/plastic-surgery-website-design,0,5242,0%,70.63
https://organicallyseo.com/local-seo-houston,0,4035,0%,29.13
https://organicallyseo.com/seo-for-personal-injury-lawyers/,0,745,0%,84.44
https://organicallyseo.com/webflow-vs-figma,0,730,0%,47.45
https://organicallyseo.com/healthcare-seo,0,677,0%,74.78
https://organicallyseo.com/es/diseno-web,0,514,0%,55.82
https://organicallyseo.com/san-jose-seo,0,513,0%,41.45
https://organicallyseo.com/family-law-digital-marketing/,0,403,0%,45.41
https://www.organicallyseo.com/webflow-launch-checklist,0,305,0%,58.83
https://www.organicallyseo.com/webflow-vs-figma,0,253,0%,51.11
https://www.organicallyseo.com/plastic-surgery-website-design,0,225,0%,34.48
https://organicallyseo.com/seo-for-roofers/,0,197,0%,28.08
https://organicallyseo.com/seo-for-accountants,0,190,0%,74.31
https://organicallyseo.com/google-ads-for-doctors/,0,189,0%,59.06
https://organicallyseo.com/tools,0,171,0%,61.39
https://organicallyseo.com/seovirginia,0,171,0%,70.8
https://organicallyseo.com/seovirginia.html,0,169,0%,79.27
https://www.organicallyseo.com/local-seo-houston,0,168,0%,18.32
https://organicallyseo.com/law-firm-seo-audit/,0,157,0%,17.31
https://organicallyseo.com/contractor-checklist,0,141,0%,30.67
https://organicallyseo.com/seo-for-pest-control-companies/,0,140,0%,39.09
https://organicallyseo.com/hvac-seo/,0,126,0%,22.43
https://organicallyseo.com/plastic-surgery-seo,0,119,0%,62.92
https://organicallyseo.com/seo,0,114,0%,48.43
https://www.organicallyseo.com/plastic-surgery-seo,0,107,0%,68.59
https://organicallyseo.com/the-power-of-face-to-face-networking,0,103,0%,30.82
https://organicallyseo.com/what-is-seo,0,100,0%,19.6
https://www.organicallyseo.com/what-is-seo,0,70,0%,23.91
https://organicallyseo.com/seo-for-dentists/,0,65,0%,46.51
https://organicallyseo.com/ai-art,0,59,0%,10.9
https://organicallyseo.com/web-design,0,58,0%,28.48
https://organicallyseo.com/sem,0,52,0%,65.79
https://organicallyseo.com/blog,0,51,0%,30.51
https://organicallyseo.com/microblog-why-content-marketing-is-changing-the-game,0,47,0%,11.94
https://organicallyseo.com/es/,0,41,0%,9.68
https://www.organicallyseo.com/tools,0,41,0%,43.15
https://organicallyseo.com/law-firm-seo-audit,0,39,0%,15.64
https://organicallyseo.com/seo-for-personal-injury-lawyers,0,39,0%,82.46
https://organicallyseo.com/branding,0,35,0%,9.54
https://www.organicallyseo.com/the-power-of-face-to-face-networking,0,34,0%,8.94
https://organicallyseo.com/branding-basics,0,29,0%,12.03
https://organicallyseo.com/hvac-seo,0,28,0%,23.75
https://organicallyseo.com/seo-for-dentists,0,24,0%,32.25
https://organicallyseo.com/google-ads-for-doctors,0,24,0%,55.75
https://organicallyseo.com/webflow-vs-squarespace,0,21,0%,61.05
https://organicallyseo.com/web-design-el-paso.html,0,21,0%,69.81
https://organicallyseo.com/the-ux-sword,0,19,0%,2.05
https://www.organicallyseo.com/form,0,19,0%,8.05
https://organicallyseo.com/microblog-why-content-marketing-is-changing-the-game.html,0,19,0%,11.63
https://www.organicallyseo.com/landscaping-lawncare,0,18,0%,65.56
https://organicallyseo.com/seo-for-financial-services,0,16,0%,85
https://organicallyseo.com/seo-audit-services,0,15,0%,15.13
https://organicallyseo.com/seo-for-pest-control-companies,0,15,0%,34.4
https://organicallyseo.com/dental-seo-keywords,0,14,0%,7.79
https://www.organicallyseo.com/seo-audit-services,0,14,0%,16.79
https://organicallyseo.com/seo-for-roofers,0,13,0%,28
https://www.organicallyseo.com/branding-basics,0,12,0%,8.58
https://organicallyseo.com/family-law-digital-marketing,0,12,0%,55.92
https://www.organicallyseo.com/branding,0,11,0%,12.36
https://organicallyseo.com/seo-for-doctors,0,11,0%,80.18
https://www.organicallyseo.com/seo,0,10,0%,7.4
https://organicallyseo.com/seo-for-contractors,0,10,0%,14.2
https://www.organicallyseo.com/web-design,0,10,0%,15.7
https://organicallyseo.com/contractor-funnel,0,8,0%,4.5
https://www.organicallyseo.com/blog,0,8,0%,5.38
https://organicallyseo.com/form/,0,8,0%,8.38
https://organicallyseo.com/generative-engine-optimization/,0,7,0%,9
https://organicallyseo.com/seo/,0,7,0%,51
https://www.organicallyseo.com/website-management,0,6,0%,3.5
https://organicallyseo.com/about-us,0,6,0%,4.17
https://organicallyseo.com/i-wrote-17-small-blogs-increased-my-traffic-by-x,0,6,0%,4.83
https://organicallyseo.com/seo.html,0,6,0%,7.5
https://organicallyseo.com/how-to-design-in-webflow,0,6,0%,17.83
https://www.organicallyseo.com/ai-art,0,5,0%,7.8
https://organicallyseo.com/google-ads-management,0,5,0%,17.6
https://www.organicallyseo.com/law-firm-seo-audit,0,4,0%,11
https://organicallyseo.com/blog.html,0,4,0%,15.5
https://organicallyseo.com/website-management,0,3,0%,5
https://organicallyseo.com/seo-for-plumbers,0,3,0%,8
https://organicallyseo.com/es/branding,0,3,0%,10
https://organicallyseo.com/seo-family-law,0,3,0%,13
https://organicallyseo.com/local-seo-dentists,0,3,0%,25.67
https://organicallyseo.com/youtopia,0,3,0%,26
https://www.organicallyseo.com/webflow-management,0,3,0%,91.67
https://organicallyseo.com/es/blog,0,2,0%,6
https://organicallyseo.com/privacy-policy,0,2,0%,6.5
https://www.organicallyseo.com/es/seo,0,2,0%,6.5
https://organicallyseo.com/keywords-content,0,2,0%,9.5
https://organicallyseo.com/webflow-management,0,1,0%,3
https://organicallyseo.com/google-profile-management.html,0,1,0%,8
https://www.organicallyseo.com/seo-for-accountants,0,1,0%,8
https://www.organicallyseo.com/google-ads-for-doctors,0,1,0%,9
https://www.organicallyseo.com/google-ads-management,0,1,0%,10
https://www.organicallyseo.com/hvac-seo,0,1,0%,11
https://www.organicallyseo.com/seo-for-plumbers,0,1,0%,11
https://organicallyseo.com/landscaping-lawncare,0,1,0%,13
https://www.organicallyseo.com/webflow-vs-squarespace,0,1,0%,100