Top queries,Clicks,Impressions,CTR,Position
local seo houston,0,852,0%,23.79
plastic surgery web design,0,769,0%,73.22
organic seo houston,0,737,0%,8.1
webflow seo checklist,0,547,0%,84.41
local seo company houston,0,511,0%,21.13
plastic surgeon website design,0,494,0%,85.43
cosmetic surgery website design,0,427,0%,73.7
natural seo services,0,426,0%,76.19
webflow and figma,0,417,0%,53.51
web design for plastic surgeons,0,383,0%,68.22
houston local seo company,0,349,0%,30.94
website design for plastic surgeons,0,303,0%,73.05
plastic surgery web design company,0,275,0%,64.97
website design for plastic surgeon,0,267,0%,72.94
local seo company houston local seo company houston,0,261,0%,20.39
web design for plastic surgeon,0,249,0%,68.85
plastic surgery website design,0,243,0%,58.26
local seo company houstonlocal seo company houston,0,225,0%,20.81
healthcare seo services,0,219,0%,94.44
healthcare seo,0,207,0%,83.16
san jose seo,0,201,0%,37.78
webflow vs figma,0,179,0%,39.03
plastic surgeon web design,0,168,0%,86.68
plastic surgery website development,0,162,0%,90.9
cosmetic surgery web design,0,157,0%,46.83
plastic surgery web design agency,0,149,0%,63.68
seo san jose,0,129,0%,34.34
seo agency san jose,0,129,0%,36.02
figma vs webflow,0,125,0%,49.2
contractor seo checklist,0,123,0%,32.67
webflow launch checklist,0,114,0%,30.46
houston organic seo,0,112,0%,10.77
personal injury lawyer seo,0,110,0%,89.99
medical seo services,0,109,0%,42.64
search engine optimization san jose,0,106,0%,68.17
trafico organico seo services,0,105,0%,4.7
virginia seo services,0,105,0%,83.3
local organic seo services,0,99,0%,22.8
seo for personal injury,0,99,0%,88.79
seo agency for accountants,0,97,0%,89.19
web design for cosmetic surgeons,0,96,0%,72.23
website design plastic surgery,0,96,0%,73.89
seo organico,0,95,0%,9.83
#organically,0,93,0%,16.62
natural seo company,0,93,0%,73.19
san jose seo company,0,91,0%,38.97
webflow or figma,0,89,0%,49.02
seo for personal injury lawyers,0,87,0%,74.02
figma or webflow,0,85,0%,52.54
web design plastic surgery,0,85,0%,79.95
seo elite software,0,84,0%,81.31
law firm seo audit,0,83,0%,14.96
web design for plastic surgery,0,82,0%,61.77
web design for plastic surgery los angeles,0,78,0%,47.82
plastic surgery seo agency,0,78,0%,64.85
san jose seo agency,0,77,0%,33.48
seo services virginia,0,75,0%,72.08
seo agency,0,74,0%,4.03
web design for plastic surgeons los angeles,0,73,0%,50.96
personal injury seo,0,73,0%,87.19
local seo,0,70,0%,5.16
google ads for doctors,0,70,0%,79.76
seo,0,68,0%,9.84
diseños web profesionales,0,66,0%,60.18
how content marketing is changing the game,0,65,0%,11.94
local seo services houston,0,65,0%,56.95
plastic surgery website design inspiration,0,63,0%,61.05
local seo in houston,0,61,0%,27.64
web design for plastic surgeon austin,0,61,0%,29.02
diseño de paginas web profesionales,0,60,0%,80.27
organic seo services,0,59,0%,23.2
diseños de paginas web profesionales,0,57,0%,88.46
diseñadores web profesionales,0,55,0%,35.62
seo company san jose,0,55,0%,39.2
web design for plastic surgeon los angeles,0,55,0%,49.36
seo for roofers,0,53,0%,26.32
san jose seo firm,0,53,0%,69.21
elite seo tools,0,53,0%,89.38
seo company in san jose,0,52,0%,45.04
best cosmetic surgery website design,0,52,0%,76.83
seo for personal injury lawyer,0,52,0%,90.73
traffico organico seo services,0,51,0%,6.41
family law digital marketing,0,49,0%,70.53
local seo service houston,0,48,0%,41.19
personal injury attorney seo,0,48,0%,76.12
best plastic surgery website design,0,47,0%,84.96
web design for plastic surgery austin,0,46,0%,30.04
diseño de paginas profesionales,0,45,0%,59.24
organic search company houston,0,44,0%,14.68
healthcare professional seo,0,44,0%,42.09
web design for plastic surgeon tampa,0,43,0%,30.95
web design for plastic surgery tampa,0,43,0%,31.56
plastic surgery seo expert,0,43,0%,53.58
web design for plastic surgeons tampa,0,42,0%,28.71
seo services san jose,0,42,0%,74.05
local seo services,0,41,0%,1
seo virginia,0,41,0%,91.46
marketing consultant,0,40,0%,1.5
pest control keywords,0,39,0%,42.21
organic seo services for accountants,0,39,0%,48.82
seo for personal injury attorneys,0,39,0%,87.82
organically,0,38,0%,6.55
diseño de paginas web profesional,0,38,0%,43.03
houston local seo,0,37,0%,76.95
roofing organic seo,0,36,0%,10.36
website design for plastic surgeon los angeles,0,35,0%,54.71
difference between figma and webflow,0,34,0%,41.59
plastic surgery web design experts,0,34,0%,76.56
seo agencies,0,33,0%,23.18
plastic surgery web design services,0,33,0%,76.42
organic seo agency,0,32,0%,3.72
seo keywords for accountants,0,32,0%,55.75
plastic surgery website designs,0,32,0%,83.91
website design for facial plastic surgery,0,32,0%,83.91
plastic surgery website templates,0,32,0%,95.5
organic seo service provider,0,31,0%,6.52
cosmetic surgeon seo agency,0,31,0%,51.71
personal injury law seo,0,31,0%,74.74
organisk seo,0,29,0%,30.17
seo in san jose,0,29,0%,37.28
tráfico seo,0,28,0%,2.11
secondary keywords: seasonal hvac tune-up,0,28,0%,7.43
personal injury law firm seo,0,28,0%,96.96
seo for personal injury attorney,0,27,0%,91.89
seo marketing agency,0,26,0%,1
importance of face-to-face contact with seo provider,0,26,0%,4.19
organic seo yorkville,0,26,0%,84.23
seo company cosmetic surgery,0,26,0%,92.69
marketing agency,0,25,0%,1
diseño web para profesionales,0,25,0%,20.4
diseño web profesionales,0,24,0%,19.17
plastic surgery website design orange county,0,24,0%,40.21
custom websites that convert,0,24,0%,60.88
website development for plastic surgeon,0,24,0%,90.79
digital marketing for family law firms,0,23,0%,93.91
diseño pagina web profesional,0,22,0%,19.73
diseño de sitios web profesionales,0,22,0%,66.05
seo for pest control companies,0,22,0%,70.5
healthcare+seo+services,0,22,0%,94.27
webflow checklist,0,21,0%,33.67
seo-friendly web design el paso,0,21,0%,69.81
diseño sitio web personalizado,0,21,0%,89.38
seo key words for pest control company,0,18,0%,15.83
local seo agency houston,0,18,0%,18.78
organic seo company,0,18,0%,28
cosmetic surgeon seo expert,0,18,0%,53.61
seo for hvac company cost,0,18,0%,56.78
seo/sem marketing skills,0,18,0%,64.17
seo for pi attorney,0,18,0%,85.83
personal injury attorneys seo,0,18,0%,90.33
organical the seo experts,0,17,0%,36
seo for personaly injury lawyer,0,17,0%,86.76
organic optimization yorkville,0,17,0%,93.29
seo for injury lawyers,0,17,0%,94
san jose seo services,0,16,0%,50.06
seo services va,0,16,0%,83.06
plastic surgery website design los angeles,0,15,0%,49.67
ac company seo,0,15,0%,51
plastic surgeon web design company,0,15,0%,71.67
seo for pi lawyer,0,15,0%,71.93
seo service virginia,0,15,0%,72.47
plastic surgery web designers,0,15,0%,85.67
seo for personal injury law firms,0,15,0%,89.27
did you know homes seo audit for hvac,0,14,0%,16
seo company,0,14,0%,20.07
diseño website,0,14,0%,61.14
google ads for physicians,0,14,0%,61.64
best seo for dentists,0,14,0%,63.71
dentist website seo,0,14,0%,84.86
webflow squarespace,0,14,0%,92.43
why is sem important,0,14,0%,94
organic seo placement firm in houston tx,0,13,0%,12.38
lawn care web design,0,13,0%,81.69
seo for financial services,0,13,0%,94.08
seo audit for family law firms,0,12,0%,5.08
houston organic search company,0,12,0%,16.75
plastic surgeon web design tampa,0,12,0%,36.83
houston local seo service,0,12,0%,62.75
plastic surgeon seo expert,0,12,0%,99.5
google ads for family attorneys,0,11,0%,37.27
google adwords for doctors,0,11,0%,43.45
family lawyer digital marketing,0,11,0%,77.09
seo for roofing,0,11,0%,84.45
houston local seo services,0,11,0%,92
organic search,0,11,0%,93.36
seo for personal injury law,0,11,0%,94
divorce lawyer marketing,0,11,0%,98.27
diseño paginas web profesionales,0,10,0%,26.4
organical - the seo experts,0,10,0%,40.4
law firm website audits,0,10,0%,43.8
website+design+for+plastic+surgeons,0,10,0%,64
digital marketing for family law lawyers,0,10,0%,81.6
healthcare+seo,0,10,0%,87.1
face to face communication in business,0,10,0%,87.5
medical practice seo,0,10,0%,87.6
internet marketing for family lawyers,0,10,0%,94.7
internet marketing agency,0,9,0%,1
seo content audit for your law firm's website,0,9,0%,3.11
website seo audit services for hospitals,0,9,0%,8.33
cosmetic surgery web design austin,0,9,0%,34.78
diseño web personalizado,0,9,0%,76
digital marketing for family lawyers,0,9,0%,76.22
webflow staging,0,9,0%,87.67
best personal injury seo,0,9,0%,87.89
familiarity with seo and digital marketing?✱,0,9,0%,92.11
seo company for accountants,0,9,0%,96
on-page seo audit checklist for attorney sites,0,8,0%,2
seo audit for hvac did you know homes,0,8,0%,9.12
organic seo carteret county,0,8,0%,10.75
local seo houston agency,0,8,0%,16.62
family law attorney campaign strategy keywords divorce near me,0,8,0%,27
houston local seo agency,0,8,0%,83.5
google ads for healthcare,0,8,0%,89.12
sugar land organic seo,0,8,0%,93.25
seo expert virginia,0,8,0%,94.38
virginia seo,0,8,0%,95.38
san jose seo copywriting,0,7,0%,21.29
web design for plastic surgeons austin,0,7,0%,29.71
plastic surgeon web design austin,0,7,0%,30.29
organic seo for website,0,7,0%,33.43
medical+seo+services,0,7,0%,40.86
face-to-face networking,0,7,0%,46.86
organic seo services company,0,7,0%,48.29
plastic surgery web design los angeles,0,7,0%,50.43
website development for plastic surgeon los angeles,0,7,0%,52.14
accident claim seo,0,7,0%,52.43
free seo audit lawyers,0,7,0%,55.71
best results dental marketing - #1 dental seo services for dentists,0,7,0%,58.57
face to face networking,0,7,0%,60.86
online marketing for family law attorneys,0,7,0%,61
organiska seo,0,7,0%,62.57
is personal injury seo,0,7,0%,79.29
seo services in virginia,0,7,0%,85.57
seo strategy for personal injury lawyers,0,7,0%,86.14
houston local seo marketing agency,0,7,0%,88.57
divorce law marketing,0,7,0%,92.43
online family law lawyer marketing,0,7,0%,97
marketing consultant near me,0,6,0%,1
local seo agency,0,6,0%,1.17
web development,0,6,0%,2.83
"30,seo for dentists",0,6,0%,10.67
affordable custom brand design for small businesses,0,6,0%,18.33
seorganico,0,6,0%,18.67
american seo for contractors,0,6,0%,18.83
healthcare seo expert,0,6,0%,35.5
dental keyword bidding tips,0,6,0%,43.17
diseno pagina web,0,6,0%,44.83
disenos web,0,6,0%,53.17
website design for facial plastic surgery los angeles,0,6,0%,58
servicios diseño personalizado sitio web,0,6,0%,63.5
cheap and reliable organic website seo optimisation marketing company,0,6,0%,64.67
online marketing for family law attorney,0,6,0%,65.17
seo in virginia,0,6,0%,66.17
organic seo techniques houston,0,6,0%,67.67
seo and sem skills,0,6,0%,91.67
ppc ads for doctors,0,6,0%,95
seo services for healthcare,0,6,0%,96.83
seo for pest control business,0,6,0%,97.5
seo personal injury,0,6,0%,97.83
how to audit a law firm website for seo,0,5,0%,1.4
seo services,0,5,0%,5.6
"""seo.com"" -surferseo.com",0,5,0%,22.6
online marketing pennsylvania,0,5,0%,25
local seo houston services,0,5,0%,31.4
houston+local+seo+company,0,5,0%,36.8
organic seo,0,5,0%,61.8
search engine optimization strategist san jose,0,5,0%,66
seo for pest control,0,5,0%,77
digital marketing family law attorney,0,5,0%,81.6
why does seo matter,0,5,0%,84.8
google marketing for doctors,0,5,0%,85
seo for roofer,0,5,0%,86.4
web marketing for family law attorneys,0,5,0%,88
seo services in san jose,0,5,0%,90.4
marketing for divorce lawyers,0,5,0%,96.4
"what is the main reason a sponsored link website gets placed at the top of 
search engine results?",0,5,0%,96.4
health care seo services,0,5,0%,102.8
digital consulting agency,0,4,0%,1
marketing agency near me,0,4,0%,1
seo canonsburg,0,4,0%,1
digital marketing agency,0,4,0%,6
online marketing agency,0,4,0%,6
seo services organiques,0,4,0%,7.5
ai art impact on human labor livelihood yale experts research,0,4,0%,12.75
organic seo firm,0,4,0%,14.25
google ads optimization for doctors 2026 top serp analysis,0,4,0%,25
digital web design agency,0,4,0%,36
content writing services,0,4,0%,41
online marketing pa,0,4,0%,41
plastic surgery website company,0,4,0%,42.25
vermont law firm seo consultants,0,4,0%,46.5
cosmetic surgery web design los angeles,0,4,0%,46.75
seo for exterminating company,0,4,0%,48
figma to webflow workflow,0,4,0%,63
plp hvac seo,0,4,0%,68.25
internet marketing for divorce attorney,0,4,0%,73
free seo audit attorney,0,4,0%,73.5
sem skills meaning in digital marketing,0,4,0%,76
family lawyer seo,0,4,0%,77
physician google advertising,0,4,0%,78.75
google ad doctor,0,4,0%,82
injury lawyer seo,0,4,0%,82.5
search engine optimization northern virginia,0,4,0%,88.75
google ads for medical practices,0,4,0%,90
organic traffic,0,4,0%,92.5
divorce lawyer web marketing,0,4,0%,95
local seo services virginia,0,4,0%,95.25
accountant seo company,0,4,0%,96
website development for facial plastic surgery,0,4,0%,98
email marketing agency,0,3,0%,1
local seo company near me,0,3,0%,1
marketing digital agency,0,3,0%,1
organic seo agencies,0,3,0%,1
professional seo agency,0,3,0%,1
seo orgueil,0,3,0%,6.33
seo services for local businesses,0,3,0%,6.67
digital marketing agency near me,0,3,0%,7.67
hvac search seasonality ac repair searches peak summer google trends,0,3,0%,8.33
ahrefs blogging case study,0,3,0%,8.67
organik seo,0,3,0%,8.67
organicly,0,3,0%,9
"what makes modern networking more efficient than face-to-face 
communications?",0,3,0%,10.33
law firm sep audit,0,3,0%,15.67
custom website design agency,0,3,0%,21
how to get new patients with google ads,0,3,0%,21.67
organic seo consultant,0,3,0%,25.67
social digital marketing agency,0,3,0%,27.67
free law firm seo audit,0,3,0%,32.33
google ads for primary care physicians,0,3,0%,36.67
seo experts,0,3,0%,41
legal industry website audit services,0,3,0%,42.33
digital marketing for divorce lawyer,0,3,0%,43.33
seo keywords for pest control company,0,3,0%,43.67
agencia de diseño de paginas web,0,3,0%,45
accounting seo company,0,3,0%,48.67
webflow vs figma sites,0,3,0%,51
agencia de diseño web y seo,0,3,0%,53
organic seo agency primelis,0,3,0%,57
how many google searches per day per person,0,3,0%,72.33
plastic surgery website design livingston,0,3,0%,76
digital marketing for family lawyer,0,3,0%,76.33
seo for roofing contractors,0,3,0%,82.67
organic search engine optimization company houston,0,3,0%,83.33
seo for roofing company,0,3,0%,85
family law firm digital marketing,0,3,0%,85.33
seo agency virginia,0,3,0%,88.67
google ads for medical practice,0,3,0%,89
seo services virgnia,0,3,0%,89.33
diseño sitio web profesional,0,3,0%,91
webflow management,0,3,0%,91.67
internet marketing for family law attorneys,0,3,0%,93
healthcare software seo services,0,3,0%,93.33
injury claim seo,0,3,0%,93.33
seo consultant virginia,0,3,0%,93.33
solo seo,0,3,0%,93.33
divorce attorney content marketing,0,3,0%,93.67
organic seo companies,0,3,0%,94.67
organic search marketing,0,3,0%,95
seo services for roofers,0,3,0%,95.33
organic website seo optimisation marketing company,0,3,0%,96.67
cosmetic surgery web design tampa,0,3,0%,97
seo services for doctors,0,3,0%,97.33
adwords for doctors,0,3,0%,100.33
company for seo,0,2,0%,1
seo agency near me,0,2,0%,1
seo consulting agency,0,2,0%,1
seo service near me,0,2,0%,1
law firm seo audit linkgraph legal,0,2,0%,2
local business seo,0,2,0%,2.5
organicallt,0,2,0%,3
website organic,0,2,0%,3
organikally,0,2,0%,4
local seo marketing services,0,2,0%,4.5
organic seo nj wall,0,2,0%,7
content advertising agency,0,2,0%,11
organik seo inc,0,2,0%,11
seasonality ac repair searches peak summer google trends hvac,0,2,0%,11
social media marketing agency,0,2,0%,11
organic seo audit,0,2,0%,13
seo company near me,0,2,0%,20
custom web development agency,0,2,0%,21
natural+seo+company,0,2,0%,21.5
local+seo+company+houston,0,2,0%,26
seo website audit services healthcare,0,2,0%,27.5
seo business,0,2,0%,31
social media management agency,0,2,0%,31
web designing agency,0,2,0%,31
seo virgnia,0,2,0%,35
divorce attorney digital marketing,0,2,0%,35.5
"how seo helps hvac companies generate more installation and maintenance 
leads",0,2,0%,37
figma sites vs webflow,0,2,0%,43.5
organic seo glen ellyn,0,2,0%,46
branding basics,0,2,0%,47
diseñador web profesional,0,2,0%,47
affordable logo creation services guide,0,2,0%,48
affordable branding services for small businesses,0,2,0%,48.5
plastic surgeon web design los angeles,0,2,0%,49.5
google ads for naturopathic doctors,0,2,0%,51
online marketing for divorce lawyers,0,2,0%,52
seo services for pest control companies,0,2,0%,52
roofing seo,0,2,0%,56
common seo mistakes for attorneys,0,2,0%,57
figma and webflow,0,2,0%,58.5
fry and clay commerce park local business seo service,0,2,0%,58.5
digital marketing for family law attorney,0,2,0%,60
seo roofing,0,2,0%,60.5
local seo audit checklist for cosmetic practices,0,2,0%,62.5
website design for plastic surgery,0,2,0%,67.5
surgeon seo expert,0,2,0%,72.5
seo for new website launch checklist and help,0,2,0%,75.5
hvac paid search service,0,2,0%,78
what the heck is seo,0,2,0%,82.5
"""personal injury lawyer seo""",0,2,0%,83
pi attorney seo,0,2,0%,84
chicago seo scholar keywords for personal injury lawyers,0,2,0%,86
personal lawyer injury seo,0,2,0%,86.5
google ads for health care providers,0,2,0%,89
seo for roofing businesses,0,2,0%,89.5
seo for roofing companies,0,2,0%,89.5
accountants seo,0,2,0%,90.5
healthcare seo service,0,2,0%,90.5
seo expert in virginia,0,2,0%,90.5
google ads for medical,0,2,0%,93
why does seo for personal injury lawyers matter,0,2,0%,94.5
google ads for health care,0,2,0%,96.5
seo services for physicians,0,2,0%,96.5
plastic surgeon seo agency,0,2,0%,98
servicios de tráfico orgánico desde redes sociales,0,2,0%,98
divorce attorney marketing,0,2,0%,109.5
advertising agency,0,1,0%,1
digital marketing company near me,0,1,0%,1
local business agency,0,1,0%,1
local seo agencies,0,1,0%,1
local seo companies near me,0,1,0%,1
local seo consultants,0,1,0%,1
local seo marketing company,0,1,0%,1
local seo service provider,0,1,0%,1
local seo services near me,0,1,0%,1
marketing agencies near me,0,1,0%,1
marketing and seo services,0,1,0%,1
marketing company near me,0,1,0%,1
marketing seo company,0,1,0%,1
online digital marketing agency,0,1,0%,1
organikally grown,0,1,0%,1
quail run,0,1,0%,1
seo company in pa,0,1,0%,1
seo company near me clarkston,0,1,0%,1
seo internet marketing service near me,0,1,0%,1
seo process,0,1,0%,1
seo service agency,0,1,0%,1
seo service provider,0,1,0%,1
small businesses near me,0,1,0%,1
social media advertising companies,0,1,0%,1
webdesign agency,0,1,0%,1
best rated organic marketing retail,0,1,0%,2
marketing seo,0,1,0%,2
organic marketing agency,0,1,0%,2
organically grown company,0,1,0%,2
organically local,0,1,0%,2
seo agency services,0,1,0%,2
seo kampagne planet,0,1,0%,2
seo service companies,0,1,0%,2
agencies seo,0,1,0%,3
local business seo services,0,1,0%,3
seo local services,0,1,0%,3
brafflawfirm.com seo analysis or review or audit,0,1,0%,4
local small businesses,0,1,0%,4
landscape marketing agency,0,1,0%,6
organically engines dental content pro,0,1,0%,6
seo organico port,0,1,0%,6
organik seo blog,0,1,0%,8
aumentar trafico con seo,0,1,0%,9
"how do i come up with creative logo design ideas when i'm starting from 
scratch?",0,1,0%,10
internet search optimization company,0,1,0%,10
climate control seo,0,1,0%,11
houston affordable organic seo,0,1,0%,11
hvac seasonality ac repair searches peak summer google trends,0,1,0%,11
seo argancy,0,1,0%,11
agency seo,0,1,0%,13
looking for a seo company,0,1,0%,13
online marketing seo services,0,1,0%,13
seo agency for doctors,0,1,0%,13
seo internet company,0,1,0%,13
seo internet marketing companies,0,1,0%,13
seo provider,0,1,0%,13
roofing seo service,0,1,0%,15
will ai replace artists,0,1,0%,15
houston local business seo,0,1,0%,17
orgánico diseño web & seo sevilla,0,1,0%,19
advertising agency services,0,1,0%,21
custom web design agency,0,1,0%,21
digital market agency,0,1,0%,21
media consulting advertising agency,0,1,0%,21
online advertising agency,0,1,0%,21
seo content marketing,0,1,0%,21
social media marketing agency services,0,1,0%,21
organic seo service,0,1,0%,22
digital marketing for divorce attorney,0,1,0%,24
affordable branding services small businesses,0,1,0%,25
google ads for custody lawyers divorce attorneys,0,1,0%,28
housto local seo company,0,1,0%,28
seo website audit service healthcare,0,1,0%,28
lawyer website audits,0,1,0%,31
advertising physicians on adwords,0,1,0%,33
natural+seo+services,0,1,0%,34
roofing contractor seo,0,1,0%,36
pr backlinks for financial advisors,0,1,0%,37
digital ad agency,0,1,0%,41
digital advertising agency,0,1,0%,41
digital marketing pittsburgh pa,0,1,0%,41
digital website agency,0,1,0%,41
pittsburgh marketing company,0,1,0%,41
website seo for roofers,0,1,0%,41
divorce attorneys digital marketing agency,0,1,0%,42
organic seo specialists,0,1,0%,43
seo groenlo,0,1,0%,43
branding made simple,0,1,0%,44
commercial roofing (this is a major keyword!!!),0,1,0%,44
dental website audit,0,1,0%,44
seo audit for law firms,0,1,0%,44
dofollow links pricing (h3),0,1,0%,46
diseñadora web profesional,0,1,0%,48
plastic surgery web design company los angeles,0,1,0%,48
advertising doctors on adwords,0,1,0%,49
ai art replace artists,0,1,0%,53
plastic surgery web design miami,0,1,0%,54
diseño de pagina web profesional,0,1,0%,56
divorce lawyer web design,0,1,0%,56
local seo for roofers,0,1,0%,61
diseño de páginas web profesionales,0,1,0%,62
san jose seo service,0,1,0%,62
disenador de pagina web,0,1,0%,63
ai art is,0,1,0%,64
air conditioning repair seo,0,1,0%,64
trafico seo,0,1,0%,65
car accident lawyer seo,0,1,0%,67
cosmetic surgeon web design,0,1,0%,67
project supremacy seo,0,1,0%,67
edición web,0,1,0%,68
hvac contractor seo keywords 2025,0,1,0%,68
medical google ads,0,1,0%,68
organic search engine optimization company,0,1,0%,69
organic search engine optimization companies,0,1,0%,71
search engine land logo meaning,0,1,0%,71
hvac paid search,0,1,0%,72
search engine marketing cosmetic surgery,0,1,0%,72
organix branding,0,1,0%,73
dentist practice seo citations,0,1,0%,75
organic+seo+company,0,1,0%,75
cosmetic surgeon website design,0,1,0%,76
organic seo services for small business,0,1,0%,77
personal injury lawyer seo services,0,1,0%,77
family law practice digital marketing,0,1,0%,78
seo for hand surgeons,0,1,0%,80
dental practice seo,0,1,0%,82
virginia seo firm,0,1,0%,82
child custody lawyers digital marketing agency,0,1,0%,83
means having the keywords those will rank your site in search engine,0,1,0%,83
seo companies san jose,0,1,0%,85
dentist+website+seo,0,1,0%,86
google ads for hospitals,0,1,0%,86
local seo for pest control companies,0,1,0%,86
paid search for doctors,0,1,0%,86
searchical,0,1,0%,86
google ads for clinics,0,1,0%,87
seo pest control,0,1,0%,87
virginia seo company,0,1,0%,87
digital marketing for family law firm,0,1,0%,88
"""white label seo""",0,1,0%,89
seo content audit service healthcare,0,1,0%,92
targeting doctors on adwords,0,1,0%,92
benefits of face-to-face meetings,0,1,0%,93
face to face communication benefits,0,1,0%,93
roofing seo keywords,0,1,0%,93
healthcare google ads,0,1,0%,94
lawn care seo service,0,1,0%,94
local seo marketing in houston,0,1,0%,94
physician marketing on google,0,1,0%,94
surgery website design,0,1,0%,94
repiping contractor dripping springs,0,1,0%,95
virginia search engine optimization,0,1,0%,95
healthcare seo audit,0,1,0%,96
plastic surgery web design company austin,0,1,0%,96
san jose search engine optimization,0,1,0%,96
seo relevant,0,1,0%,96
virginia local seo,0,1,0%,96
accountant seo,0,1,0%,97
is doing local seo worth it for personal injury attorneys,0,1,0%,97
affordable organic seo houston,0,1,0%,98
digital marketing for family law,0,1,0%,98
organic seo specialist,0,1,0%,98
personal injury seo keywords,0,1,0%,98
plastic surgery web design tampa,0,1,0%,98
family law divorce marketing,0,1,0%,99
person injury seo,0,1,0%,99
seo for personal injury law firm,0,1,0%,99
personal injury seo for lawyers,0,1,0%,100
roofing+contractor+seo,0,1,0%,100
seo+services+for+doctors,0,1,0%,100
plastic surgeon seo company,0,1,0%,128
best organic seo services,0,1,0%,201